time,open,high,low,close,volume
2025-04-03 01:00:00,3151.31,3156.34,3148.18,3151.91,6279
2025-04-03 01:15:00,3152.03,3154.33,3147.92,3152.31,4432
2025-04-03 01:30:00,3152.3,3162.89,3152.17,3160.03,3827
2025-04-03 01:45:00,3159.95,3160.24,3150.68,3153.39,3108
2025-04-03 02:00:00,3153.26,3155.27,3150.28,3151.83,3192
2025-04-03 02:15:00,3151.9,3154.52,3147.85,3149.87,2153
2025-04-03 02:30:00,3149.86,3150.87,3144.6,3148.78,3341
2025-04-03 02:45:00,3148.79,3149.04,3142.1,3145.07,2925
2025-04-03 03:00:00,3145.08,3152.15,3144.67,3149.12,3738
2025-04-03 03:15:00,3149.11,3149.39,3146.27,3148.07,3123
2025-04-03 03:30:00,3148.12,3149.71,3146.11,3147.82,2312
2025-04-03 03:45:00,3147.76,3150.16,3146.99,3147.98,2062
2025-04-03 04:00:00,3147.99,3149.52,3147.04,3149.1,2016
2025-04-03 04:15:00,3149.11,3149.59,3147.2,3147.93,1219
2025-04-03 04:30:00,3147.91,3148.01,3145.74,3145.98,1347
2025-04-03 04:45:00,3145.99,3146.07,3139.09,3140.39,2752
2025-04-03 05:00:00,3140.26,3140.85,3135.16,3135.83,2565
2025-04-03 05:15:00,3135.84,3136.07,3127.58,3130.48,2944
2025-04-03 05:30:00,3130.49,3133.83,3126.27,3127.64,4236
2025-04-03 05:45:00,3127.62,3133.06,3123.98,3131.71,3641
2025-04-03 06:00:00,3131.87,3134.06,3127.8,3130.87,3999
2025-04-03 06:15:00,3130.9,3131.25,3121.41,3122.28,3853
2025-04-03 06:30:00,3122.24,3126.13,3116.37,3124.4,4628
2025-04-03 06:45:00,3124.36,3131.52,3122.17,3127.62,4400
2025-04-03 07:00:00,3127.71,3127.96,3119.78,3120.88,4137
2025-04-03 07:15:00,3120.92,3125.76,3119.95,3124.83,4096
2025-04-03 07:30:00,3124.85,3126.37,3121.08,3122.26,3346
2025-04-03 07:45:00,3122.44,3130.12,3121.8,3128.95,3186
2025-04-03 08:00:00,3128.94,3131.92,3127.24,3129.37,3531
2025-04-03 08:15:00,3129.39,3131.44,3127.82,3128.3,2785
2025-04-03 08:30:00,3128.25,3130.52,3127.86,3128.49,2759
2025-04-03 08:45:00,3128.48,3129.78,3125.96,3129.0,3376
2025-04-03 09:00:00,3129.06,3129.38,3126.76,3128.47,3503
2025-04-03 09:15:00,3128.49,3129.48,3124.93,3125.61,3718
2025-04-03 09:30:00,3125.56,3129.17,3124.33,3127.79,3634
2025-04-03 09:45:00,3127.71,3128.17,3121.47,3121.52,3179
2025-04-03 10:00:00,3121.61,3122.84,3112.06,3119.23,5302
2025-04-03 10:15:00,3119.26,3119.87,3104.69,3107.46,5061
2025-04-03 10:30:00,3107.44,3108.21,3100.98,3107.15,4885
2025-04-03 10:45:00,3107.1,3112.81,3089.08,3095.37,4584
2025-04-03 11:00:00,3095.33,3099.75,3087.59,3098.2,5155
2025-04-03 11:15:00,3098.22,3099.78,3091.87,3092.11,3762
2025-04-03 11:30:00,3092.12,3093.15,3085.08,3090.91,4551
2025-04-03 11:45:00,3090.92,3097.2,3089.39,3093.07,4195
2025-04-03 12:00:00,3092.91,3094.63,3087.36,3090.42,4299
2025-04-03 12:15:00,3090.39,3090.79,3074.98,3078.39,4672
2025-04-03 12:30:00,3078.44,3078.98,3061.95,3065.77,5815
2025-04-03 12:45:00,3065.79,3080.16,3065.04,3076.32,5836
2025-04-03 13:00:00,3076.26,3076.27,3054.0,3059.34,5836
2025-04-03 13:15:00,3059.33,3069.55,3056.18,3065.27,5319
2025-04-03 13:30:00,3065.25,3088.93,3064.16,3086.61,6773
2025-04-03 13:45:00,3086.63,3093.36,3084.18,3085.63,6022
2025-04-03 14:00:00,3088.28,3116.46,3087.51,3114.29,6490
2025-04-03 14:15:00,3114.28,3126.58,3110.97,3125.3,6399
2025-04-03 14:30:00,3125.28,3127.85,3117.59,3123.64,5804
2025-04-03 14:45:00,3123.66,3135.51,3123.66,3128.86,5630
2025-04-03 15:00:00,3128.84,3129.46,3110.25,3111.49,5030
2025-04-03 15:15:00,3111.51,3113.36,3103.95,3106.13,5083
2025-04-03 15:30:00,3106.17,3113.42,3105.51,3112.83,4667
2025-04-03 15:45:00,3112.76,3112.86,3105.54,3110.45,3895
2025-04-03 16:00:00,3110.46,3114.17,3104.0,3108.72,3925
2025-04-03 16:15:00,3108.66,3109.3,3101.77,3108.38,3496
2025-04-03 16:30:00,3108.42,3110.75,3106.35,3109.33,3134
2025-04-03 16:45:00,3109.36,3110.67,3107.21,3107.5,2956
2025-04-03 17:00:00,3107.46,3107.56,3101.97,3103.84,3145
2025-04-03 17:15:00,3103.82,3105.5,3100.66,3100.83,3339
2025-04-03 17:30:00,3100.92,3107.72,3099.94,3106.54,2849
2025-04-03 17:45:00,3106.44,3109.87,3106.03,3109.51,2319
2025-04-03 18:00:00,3109.52,3110.18,3106.87,3107.21,2293
2025-04-03 18:15:00,3107.2,3108.44,3102.89,3104.96,2202
2025-04-03 18:30:00,3104.95,3106.79,3102.09,3106.48,2148
2025-04-03 18:45:00,3106.5,3111.62,3105.43,3111.57,1953
2025-04-03 19:00:00,3111.59,3112.75,3110.15,3111.64,1982
2025-04-03 19:15:00,3111.66,3113.16,3106.66,3107.13,2389
2025-04-03 19:30:00,3107.07,3107.19,3102.41,3104.61,2561
2025-04-03 19:45:00,3104.58,3108.14,3101.49,3107.54,2470
2025-04-03 20:00:00,3107.55,3109.28,3107.08,3107.57,1165
2025-04-03 20:15:00,3107.58,3110.76,3107.52,3109.91,934
2025-04-03 20:30:00,3109.9,3117.71,3109.65,3117.25,1241
2025-04-03 20:45:00,3117.13,3119.95,3112.8,3114.04,1352
2025-04-03 22:00:00,3113.69,3115.07,3112.58,3114.21,734
2025-04-03 22:15:00,3114.19,3114.99,3112.81,3114.38,796
2025-04-03 22:30:00,3114.36,3116.51,3114.22,3115.93,736
2025-04-03 22:45:00,3115.92,3116.04,3112.27,3115.23,940
2025-04-03 23:00:00,3115.25,3115.29,3109.73,3111.11,1206
2025-04-03 23:15:00,3111.1,3112.9,3110.47,3112.6,715
2025-04-03 23:30:00,3112.59,3115.2,3112.51,3114.35,852
2025-04-03 23:45:00,3114.38,3116.17,3112.74,3112.82,2003
2025-04-04 00:00:00,3112.74,3114.96,3111.83,3112.46,2424
2025-04-04 00:15:00,3112.45,3113.24,3108.99,3109.12,2247
2025-04-04 00:30:00,3109.01,3110.89,3105.93,3110.78,2513
2025-04-04 00:45:00,3110.75,3111.51,3108.36,3110.52,1926
2025-04-04 01:00:00,3110.49,3115.72,3110.28,3114.56,2629
2025-04-04 01:15:00,3114.57,3114.83,3111.67,3113.73,1943
2025-04-04 01:30:00,3113.74,3114.28,3109.08,3109.96,2248
2025-04-04 01:45:00,3109.95,3112.69,3109.38,3109.75,2113
2025-04-04 02:00:00,3109.76,3112.91,3107.39,3112.65,2115
2025-04-04 02:15:00,3112.66,3112.79,3104.27,3104.69,2900
2025-04-04 02:30:00,3104.76,3105.93,3091.14,3098.4,4028
2025-04-04 02:45:00,3098.39,3099.18,3092.8,3096.68,2227
2025-04-04 03:00:00,3096.69,3098.95,3087.03,3093.62,3488
2025-04-04 03:15:00,3093.56,3094.09,3089.67,3093.31,2466
2025-04-04 03:30:00,3093.3,3095.59,3091.69,3094.82,2824
2025-04-04 03:45:00,3094.83,3098.39,3092.71,3098.38,2503
2025-04-04 04:00:00,3098.4,3100.3,3095.92,3099.43,2516
2025-04-04 04:15:00,3099.42,3101.67,3098.14,3098.83,2178
2025-04-04 04:30:00,3098.79,3104.44,3097.37,3104.23,2203
2025-04-04 04:45:00,3104.17,3104.97,3098.11,3100.06,2572
2025-04-04 05:00:00,3100.05,3104.9,3098.8,3101.86,2434
2025-04-04 05:15:00,3101.76,3107.3,3101.45,3105.87,2279
2025-04-04 05:30:00,3105.88,3105.9,3101.58,3102.77,2202
2025-04-04 05:45:00,3102.78,3108.63,3102.57,3108.63,2085
2025-04-04 06:00:00,3108.71,3109.79,3106.36,3107.49,2235
2025-04-04 06:15:00,3107.48,3107.93,3102.51,3102.75,2581
2025-04-04 06:30:00,3102.76,3104.66,3100.58,3101.17,2449
2025-04-04 06:45:00,3101.21,3103.46,3100.43,3100.98,2470
2025-04-04 07:00:00,3100.96,3102.5,3094.95,3099.93,3521
2025-04-04 07:15:00,3099.96,3103.33,3092.82,3100.31,4016
2025-04-04 07:30:00,3100.35,3100.35,3093.65,3093.81,3582
2025-04-04 07:45:00,3093.88,3096.59,3092.02,3092.8,2996
2025-04-04 08:00:00,3092.7,3094.03,3088.22,3088.92,3687
2025-04-04 08:15:00,3088.95,3089.21,3081.8,3084.61,3801
2025-04-04 08:30:00,3084.64,3084.66,3078.44,3083.1,3771
2025-04-04 08:45:00,3083.11,3085.68,3081.28,3084.1,3296
2025-04-04 09:00:00,3084.01,3092.32,3083.79,3090.87,3651
2025-04-04 09:15:00,3090.85,3095.91,3089.92,3093.58,3021
2025-04-04 09:30:00,3093.59,3093.6,3088.03,3088.05,2962
2025-04-04 09:45:00,3088.13,3094.59,3086.5,3090.6,2712
2025-04-04 10:00:00,3090.63,3100.12,3090.48,3095.36,4170
2025-04-04 10:15:00,3095.35,3106.93,3093.79,3106.9,5002
2025-04-04 10:30:00,3106.88,3116.06,3104.35,3111.19,5035
2025-04-04 10:45:00,3110.87,3115.5,3104.7,3110.28,4539
2025-04-04 11:00:00,3110.26,3136.5,3109.13,3134.49,5910
2025-04-04 11:15:00,3134.48,3134.53,3126.13,3127.29,4946
2025-04-04 11:30:00,3127.32,3129.18,3106.69,3109.14,5308
2025-04-04 11:45:00,3109.37,3112.14,3095.44,3110.18,4918
2025-04-04 12:00:00,3110.37,3111.82,3091.46,3092.79,4474
2025-04-04 12:15:00,3092.8,3104.08,3091.04,3096.66,5301
2025-04-04 12:30:00,3096.62,3101.22,3070.83,3088.87,6613
2025-04-04 12:45:00,3088.68,3090.26,3069.28,3071.04,5121
2025-04-04 13:00:00,3070.99,3082.57,3069.88,3082.28,5254
2025-04-04 13:15:00,3082.27,3087.38,3075.49,3075.71,4113
2025-04-04 13:30:00,3075.49,3080.4,3059.48,3074.7,5451
2025-04-04 13:45:00,3074.69,3076.93,3061.33,3061.7,4926
2025-04-04 14:00:00,3061.68,3061.68,3047.23,3048.82,5366
2025-04-04 14:15:00,3048.7,3058.57,3041.64,3047.73,5166
2025-04-04 14:30:00,3047.74,3051.44,3041.77,3042.58,5139
2025-04-04 14:45:00,3042.59,3050.42,3026.85,3038.41,5573
2025-04-04 15:00:00,3038.4,3050.28,3031.17,3043.83,5578
2025-04-04 15:15:00,3043.85,3044.4,3023.69,3026.27,5032
2025-04-04 15:30:00,3026.25,3035.46,3017.26,3017.87,5595
2025-04-04 15:45:00,3017.8,3024.95,3017.02,3021.75,4789
2025-04-04 16:00:00,3021.76,3025.97,3017.57,3022.29,4655
2025-04-04 16:15:00,3022.25,3032.27,3020.82,3030.53,4196
2025-04-04 16:30:00,3030.52,3036.69,3026.66,3032.49,4236
2025-04-04 16:45:00,3032.5,3032.59,3029.17,3031.09,3658
2025-04-04 17:00:00,3031.08,3032.82,3024.58,3027.2,3645
2025-04-04 17:15:00,3027.26,3027.7,3017.16,3018.09,4332
2025-04-04 17:30:00,3018.19,3028.41,3015.58,3023.82,4507
2025-04-04 17:45:00,3023.8,3026.43,3022.57,3025.79,3660
2025-04-04 18:00:00,3025.77,3027.76,3022.19,3024.15,3701
2025-04-04 18:15:00,3024.16,3025.48,3021.46,3024.5,2843
2025-04-04 18:30:00,3024.51,3025.97,3021.35,3021.75,2894
2025-04-04 18:45:00,3021.76,3025.89,3017.86,3025.44,3263
2025-04-04 19:00:00,3025.45,3027.74,3022.11,3023.64,3373
2025-04-04 19:15:00,3023.59,3034.59,3021.95,3028.5,3395
2025-04-04 19:30:00,3028.51,3031.48,3027.67,3030.01,3311
2025-04-04 19:45:00,3030.05,3040.81,3029.97,3036.28,4656
2025-04-04 20:00:00,3036.33,3038.4,3033.75,3038.39,2015
2025-04-04 20:15:00,3038.32,3040.84,3035.78,3038.05,1661
2025-04-04 20:30:00,3038.02,3038.38,3035.64,3035.94,1367
2025-04-04 20:45:00,3035.99,3040.45,3035.69,3038.51,1289
2025-04-06 22:00:00,3034.91,3034.91,2982.11,3031.91,1512
2025-04-06 22:15:00,3031.87,3032.0,2998.53,3014.69,2688
2025-04-06 22:30:00,3014.63,3021.43,3006.99,3016.23,2665
2025-04-06 22:45:00,3016.24,3017.44,3003.39,3009.29,1828
2025-04-06 23:00:00,3009.28,3016.67,3004.44,3008.68,1370
2025-04-06 23:15:00,3008.65,3008.75,2982.25,2984.76,2722
2025-04-06 23:30:00,2984.91,2990.55,2976.78,2987.48,2828
2025-04-06 23:45:00,2987.5,3001.99,2984.35,2999.83,3069
2025-04-07 00:00:00,2999.79,3009.29,2970.47,2981.23,4362
2025-04-07 00:15:00,2981.28,2991.26,2975.32,2985.05,3123
2025-04-07 00:30:00,2985.02,2992.55,2979.33,2982.88,2998
2025-04-07 00:45:00,2982.86,2988.77,2972.96,2978.81,3233
2025-04-07 01:00:00,2978.79,3008.88,2971.96,3006.18,5326
2025-04-07 01:15:00,3006.12,3020.78,3004.49,3019.14,5503
2025-04-07 01:30:00,3019.15,3055.3,3016.16,3051.75,5596
2025-04-07 01:45:00,3051.72,3055.34,3036.39,3038.2,5298
2025-04-07 02:00:00,3038.03,3055.64,3035.79,3052.67,4800
2025-04-07 02:15:00,3052.59,3053.33,3039.86,3042.35,3172
2025-04-07 02:30:00,3042.31,3044.86,3026.95,3031.95,4164
2025-04-07 02:45:00,3032.27,3035.82,3024.24,3025.67,3438
2025-04-07 03:00:00,3025.69,3030.06,3021.89,3026.07,3102
2025-04-07 03:15:00,3026.04,3031.23,3025.37,3029.7,2585
2025-04-07 03:30:00,3029.48,3034.0,3026.01,3027.01,2427
2025-04-07 03:45:00,3026.73,3029.06,3017.08,3018.84,2356
2025-04-07 04:00:00,3018.85,3031.75,3018.85,3027.23,2155
2025-04-07 04:15:00,3027.14,3030.13,3023.79,3026.45,1589
2025-04-07 04:30:00,3026.29,3032.94,3025.06,3027.8,1852
2025-04-07 04:45:00,3027.77,3035.57,3025.94,3035.41,1852
2025-04-07 05:00:00,3035.39,3037.32,3024.72,3029.39,2165
2025-04-07 05:15:00,3029.38,3040.05,3029.16,3038.54,2403
2025-04-07 05:30:00,3038.65,3044.36,3033.83,3039.2,3308
2025-04-07 05:45:00,3039.19,3043.35,3031.69,3031.94,2579
2025-04-07 06:00:00,3031.89,3033.41,3022.23,3026.81,4125
2025-04-07 06:15:00,3026.79,3027.86,3016.59,3018.26,4155
2025-04-07 06:30:00,3018.4,3031.52,3018.4,3027.81,4176
2025-04-07 06:45:00,3027.75,3030.57,3018.69,3029.69,4509
2025-04-07 07:00:00,3029.76,3030.62,3013.21,3014.19,5176
2025-04-07 07:15:00,3014.23,3027.07,3013.69,3019.04,5272
2025-04-07 07:30:00,3019.03,3026.39,3018.99,3019.22,4415
2025-04-07 07:45:00,3019.24,3029.12,3015.83,3018.97,4507
2025-04-07 08:00:00,3018.86,3028.19,3017.76,3027.68,4356
2025-04-07 08:15:00,3027.74,3029.86,3023.13,3023.42,4212
2025-04-07 08:30:00,3023.4,3028.64,3020.93,3027.39,3619
2025-04-07 08:45:00,3027.4,3035.39,3026.68,3031.11,3405
2025-04-07 09:00:00,3031.34,3033.35,3025.61,3027.7,3472
2025-04-07 09:15:00,3027.69,3027.7,3019.57,3026.5,3513
2025-04-07 09:30:00,3026.52,3031.57,3024.05,3025.62,3804
2025-04-07 09:45:00,3025.6,3028.61,3019.6,3025.11,3722
2025-04-07 10:00:00,3025.09,3030.68,3024.13,3026.64,3924
2025-04-07 10:15:00,3026.57,3033.19,3026.22,3032.58,3662
2025-04-07 10:30:00,3032.52,3036.23,3031.79,3032.3,3974
2025-04-07 10:45:00,3032.24,3036.38,3030.07,3031.28,3431
2025-04-07 11:00:00,3031.27,3042.28,3030.96,3040.18,3859
2025-04-07 11:15:00,3040.3,3044.12,3038.7,3040.04,3723
2025-04-07 11:30:00,3040.12,3045.96,3038.73,3039.42,4187
2025-04-07 11:45:00,3039.38,3040.25,3030.18,3031.13,3720
2025-04-07 12:00:00,3031.19,3031.62,3025.04,3025.71,4523
2025-04-07 12:15:00,3025.7,3031.41,3024.65,3026.58,5285
2025-04-07 12:30:00,3026.57,3030.07,3014.69,3020.25,5393
2025-04-07 12:45:00,3020.19,3032.67,3019.56,3031.16,4445
2025-04-07 13:00:00,3031.14,3034.04,3024.43,3027.48,4934
2025-04-07 13:15:00,3027.5,3030.18,3021.41,3024.58,4512
2025-04-07 13:30:00,3024.59,3026.62,3001.92,3006.84,6629
2025-04-07 13:45:00,3006.85,3019.02,3003.94,3015.36,5872
2025-04-07 14:00:00,3015.35,3032.16,3010.93,3027.18,5971
2025-04-07 14:15:00,3026.79,3037.95,3005.12,3008.83,5579
2025-04-07 14:30:00,3008.12,3013.69,2997.07,3002.91,5668
2025-04-07 14:45:00,3002.85,3009.54,2996.45,2999.18,4916
2025-04-07 15:00:00,2999.21,3004.6,2983.78,2984.8,5251
2025-04-07 15:15:00,2984.75,2998.55,2984.23,2986.73,4811
2025-04-07 15:30:00,2986.78,2988.59,2981.12,2984.41,5087
2025-04-07 15:45:00,2984.45,2988.04,2979.82,2987.44,4924
2025-04-07 16:00:00,2987.42,2987.75,2977.1,2979.83,4582
2025-04-07 16:15:00,2979.82,2985.25,2975.12,2977.84,4215
2025-04-07 16:30:00,2977.85,2984.69,2975.06,2975.19,3771
2025-04-07 16:45:00,2975.18,2975.6,2969.81,2970.4,4241
2025-04-07 17:00:00,2970.55,2975.11,2959.56,2966.24,4782
2025-04-07 17:15:00,2965.47,2970.56,2956.83,2958.94,4981
2025-04-07 17:30:00,2958.95,2968.8,2956.24,2968.1,4477
2025-04-07 17:45:00,2968.12,2973.63,2966.06,2970.05,4245
2025-04-07 18:00:00,2970.02,2973.3,2969.28,2970.89,3881
2025-04-07 18:15:00,2970.87,2974.05,2969.16,2969.69,3581
2025-04-07 18:30:00,2969.75,2976.6,2968.56,2971.75,3662
2025-04-07 18:45:00,2971.74,2972.38,2963.89,2965.71,3034
2025-04-07 19:00:00,2965.7,2972.77,2965.27,2971.69,3462
2025-04-07 19:15:00,2971.62,2975.4,2969.36,2974.0,3444
2025-04-07 19:30:00,2974.03,2981.87,2973.42,2978.34,3992
2025-04-07 19:45:00,2978.47,2978.76,2974.67,2976.56,2551
2025-04-07 20:00:00,2976.32,2980.45,2969.63,2979.3,1652
2025-04-07 20:15:00,2979.38,2985.75,2979.17,2983.38,1512
2025-04-07 20:30:00,2983.42,2985.86,2982.85,2984.98,925
2025-04-07 20:45:00,2984.97,2984.99,2981.03,2981.67,860
2025-04-07 22:00:00,2982.13,2987.21,2980.3,2984.1,984
2025-04-07 22:15:00,2984.11,2985.67,2982.47,2985.62,1335
2025-04-07 22:30:00,2985.59,2988.31,2983.57,2983.68,958
2025-04-07 22:45:00,2983.67,2988.59,2983.43,2986.7,961
2025-04-07 23:00:00,2986.69,2987.3,2984.99,2985.8,1014
2025-04-07 23:15:00,2985.77,2985.81,2981.56,2981.79,1104
2025-04-07 23:30:00,2981.74,2983.09,2978.44,2979.96,1139
2025-04-07 23:45:00,2980.13,2983.27,2980.08,2981.2,1743
2025-04-08 00:00:00,2981.26,2987.22,2980.27,2985.22,2777
2025-04-08 00:15:00,2985.26,2988.87,2983.58,2988.79,2032
2025-04-08 00:30:00,2988.78,2992.53,2988.56,2991.57,1928
2025-04-08 00:45:00,2991.5,2991.71,2982.88,2985.27,3020
2025-04-08 01:00:00,2985.26,3000.84,2983.54,2995.35,4200
2025-04-08 01:15:00,2995.41,2999.69,2989.55,2996.02,3783
2025-04-08 01:30:00,2995.94,3003.05,2994.87,3000.06,3663
2025-04-08 01:45:00,3000.04,3001.13,2996.19,2999.68,2553
2025-04-08 02:00:00,2999.69,3004.66,2998.99,3002.43,2881
2025-04-08 02:15:00,3002.42,3003.24,2998.22,2999.69,1802
2025-04-08 02:30:00,2999.64,3004.69,2998.63,3003.52,2499
2025-04-08 02:45:00,3003.58,3004.17,2999.36,3000.82,2042
2025-04-08 03:00:00,3000.86,3000.99,2993.09,2995.24,2616
2025-04-08 03:15:00,2995.25,3000.62,2993.99,2995.19,2593
2025-04-08 03:30:00,2995.15,2998.39,2994.71,2998.12,1811
2025-04-08 03:45:00,2998.13,2998.89,2993.4,2994.67,1766
2025-04-08 04:00:00,2994.59,2999.67,2994.15,2998.46,1618
2025-04-08 04:15:00,2998.59,2998.86,2995.24,2995.96,1411
2025-04-08 04:30:00,2995.95,2997.19,2990.89,2995.33,2200
2025-04-08 04:45:00,2995.27,3002.8,2994.48,3002.1,2007
2025-04-08 05:00:00,3002.11,3004.44,2999.9,3003.99,1847
2025-04-08 05:15:00,3003.98,3005.19,2999.81,2999.96,2085
2025-04-08 05:30:00,2999.75,3005.15,2999.44,3000.39,2855
2025-04-08 05:45:00,3000.45,3008.18,3000.32,3005.63,2566
2025-04-08 06:00:00,3005.48,3006.31,3002.48,3004.46,2837
2025-04-08 06:15:00,3004.47,3013.5,3004.17,3011.7,3487
2025-04-08 06:30:00,3011.71,3015.72,3010.55,3013.57,2696
2025-04-08 06:45:00,3013.56,3014.03,3010.97,3013.17,2511
2025-04-08 07:00:00,3013.28,3013.4,3008.21,3012.04,3830
2025-04-08 07:15:00,3012.01,3013.71,3007.53,3009.92,3401
2025-04-08 07:30:00,3009.93,3011.32,3002.23,3002.98,3178
2025-04-08 07:45:00,3003.07,3006.6,3001.8,3003.5,2680
2025-04-08 08:00:00,3003.67,3007.89,3001.32,3007.15,2112
2025-04-08 08:15:00,3007.14,3009.22,3006.13,3008.78,1496
2025-04-08 08:30:00,3008.77,3008.94,3003.58,3007.36,1661
2025-04-08 08:45:00,3007.38,3007.99,3004.2,3007.39,1682
2025-04-08 09:00:00,3007.33,3007.33,3002.36,3003.06,1700
2025-04-08 09:15:00,3002.88,3003.05,2994.89,2995.7,2068
2025-04-08 09:30:00,2995.71,3007.58,2995.71,3006.3,2255
2025-04-08 09:45:00,3006.24,3007.69,3003.19,3006.78,1932
2025-04-08 10:00:00,3006.79,3008.52,3004.03,3005.27,1888
2025-04-08 10:15:00,3005.29,3008.68,3004.46,3007.97,1731
2025-04-08 10:30:00,3007.96,3009.82,3005.37,3008.07,1363
2025-04-08 10:45:00,3008.05,3010.16,3007.04,3008.86,1322
2025-04-08 11:00:00,3008.81,3011.73,3008.58,3011.22,2281
2025-04-08 11:15:00,3011.19,3014.13,3010.35,3010.54,1738
2025-04-08 11:30:00,3010.53,3013.22,3008.84,3009.31,1525
2025-04-08 11:45:00,3009.25,3019.36,3009.06,3017.43,2490
2025-04-08 12:00:00,3017.45,3019.3,3014.09,3017.49,3144
2025-04-08 12:15:00,3017.47,3017.47,3003.25,3009.57,3565
2025-04-08 12:30:00,3009.58,3012.8,3006.69,3006.95,3163
2025-04-08 12:45:00,3006.96,3008.45,3002.33,3002.49,2827
2025-04-08 13:00:00,3002.5,3020.4,3002.48,3018.48,3673
2025-04-08 13:15:00,3018.42,3022.61,3013.14,3013.61,3871
2025-04-08 13:30:00,3013.6,3017.03,3006.26,3006.86,4281
2025-04-08 13:45:00,3006.67,3011.79,3003.87,3010.36,3848
2025-04-08 14:00:00,3010.22,3017.8,3009.16,3011.43,4062
2025-04-08 14:15:00,3011.41,3014.8,3008.36,3012.36,3483
2025-04-08 14:30:00,3012.43,3017.48,3010.14,3013.95,3619
2025-04-08 14:45:00,3014.04,3017.97,3005.8,3006.13,3412
2025-04-08 15:00:00,3006.12,3007.96,3002.48,3004.42,3345
2025-04-08 15:15:00,3004.45,3009.82,3004.38,3007.67,3157
2025-04-08 15:30:00,3007.74,3012.29,3004.61,3005.03,2457
2025-04-08 15:45:00,3005.07,3006.15,3001.21,3001.42,2525
2025-04-08 16:00:00,3001.43,3001.43,2994.43,2999.19,2861
2025-04-08 16:15:00,2999.22,2999.47,2992.38,2994.6,2887
2025-04-08 16:30:00,2994.63,2995.93,2985.11,2985.39,3251
2025-04-08 16:45:00,2985.38,2990.84,2984.29,2985.86,3265
2025-04-08 17:00:00,2985.88,2986.34,2976.4,2980.99,3280
2025-04-08 17:15:00,2981.01,2984.09,2975.23,2976.51,3421
2025-04-08 17:30:00,2976.52,2983.68,2974.67,2983.16,3210
2025-04-08 17:45:00,2983.17,2987.29,2981.67,2985.04,3089
2025-04-08 18:00:00,2985.05,2985.49,2979.26,2980.56,2735
2025-04-08 18:15:00,2980.55,2985.82,2979.9,2985.67,2394
2025-04-08 18:30:00,2985.66,2992.38,2985.66,2986.68,3037
2025-04-08 18:45:00,2986.67,2988.03,2981.58,2983.49,2323
2025-04-08 19:00:00,2983.46,2987.44,2981.58,2982.51,2392
2025-04-08 19:15:00,2982.47,2982.78,2977.99,2981.18,2742
2025-04-08 19:30:00,2981.17,2982.77,2976.62,2981.63,2580
2025-04-08 19:45:00,2981.64,2987.41,2980.85,2984.94,2495
2025-04-08 20:00:00,2984.92,2986.46,2980.41,2980.41,1434
2025-04-08 20:15:00,2980.39,2980.56,2977.11,2980.53,1281
2025-04-08 20:30:00,2980.5,2981.7,2979.12,2980.63,950
2025-04-08 20:45:00,2980.65,2982.91,2980.52,2982.08,851
2025-04-08 22:00:00,2983.25,2985.4,2981.08,2981.6,926
2025-04-08 22:15:00,2981.59,2984.97,2980.88,2984.39,704
2025-04-08 22:30:00,2984.4,2985.26,2980.48,2980.64,845
2025-04-08 22:45:00,2980.65,2982.95,2980.1,2981.78,949
2025-04-08 23:00:00,2981.79,2990.81,2981.79,2984.91,1259
2025-04-08 23:15:00,2984.9,2985.07,2979.15,2980.95,1282
2025-04-08 23:30:00,2980.93,2981.16,2969.94,2973.79,1883
2025-04-08 23:45:00,2973.73,2979.91,2970.37,2978.21,2527
2025-04-09 00:00:00,2978.37,2984.63,2975.01,2977.85,3411
2025-04-09 00:15:00,2977.84,2985.47,2975.59,2984.23,3116
2025-04-09 00:30:00,2984.25,2986.91,2976.68,2984.68,3092
2025-04-09 00:45:00,2984.67,2986.09,2974.72,2980.3,3345
2025-04-09 01:00:00,2980.23,2981.12,2972.43,2978.57,4183
2025-04-09 01:15:00,2978.59,2991.46,2977.2,2990.06,4100
2025-04-09 01:30:00,2990.11,3002.67,2988.39,3000.18,4423
2025-04-09 01:45:00,3000.19,3009.83,2999.56,3008.79,3181
2025-04-09 02:00:00,3008.65,3011.09,3004.34,3007.55,3023
2025-04-09 02:15:00,3007.35,3009.49,2999.88,3004.54,2996
2025-04-09 02:30:00,3004.56,3007.65,3002.7,3005.99,2568
2025-04-09 02:45:00,3005.98,3008.49,3000.02,3002.93,2451
2025-04-09 03:00:00,3002.92,3007.96,3002.59,3007.64,2133
2025-04-09 03:15:00,3007.62,3008.74,3004.56,3008.24,2354
2025-04-09 03:30:00,3008.27,3009.73,3002.99,3006.79,2415
2025-04-09 03:45:00,3006.65,3009.15,3003.52,3004.39,2339
2025-04-09 04:00:00,3004.36,3009.18,2999.47,3006.66,2985
2025-04-09 04:15:00,3006.65,3011.94,3006.14,3008.39,2432
2025-04-09 04:30:00,3008.38,3011.76,3007.49,3010.3,2258
2025-04-09 04:45:00,3010.29,3014.06,3008.41,3012.33,2319
2025-04-09 05:00:00,3012.3,3018.31,3005.44,3015.64,3037
2025-04-09 05:15:00,3015.68,3020.41,3013.73,3017.39,2884
2025-04-09 05:30:00,3017.4,3018.5,3012.18,3015.31,3309
2025-04-09 05:45:00,3015.45,3018.19,3014.3,3015.21,2431
2025-04-09 06:00:00,3015.19,3025.15,3014.69,3020.22,3632
2025-04-09 06:15:00,3020.2,3033.16,3019.84,3029.35,3426
2025-04-09 06:30:00,3029.31,3035.59,3027.92,3030.38,3324
2025-04-09 06:45:00,3030.37,3040.9,3029.56,3038.98,3143
2025-04-09 07:00:00,3038.99,3052.34,3034.24,3045.22,3830
2025-04-09 07:15:00,3045.3,3046.42,3041.26,3043.09,3260
2025-04-09 07:30:00,3043.07,3048.41,3041.23,3046.08,2814
2025-04-09 07:45:00,3046.09,3047.43,3039.49,3041.05,2911
2025-04-09 08:00:00,3041.01,3047.24,3038.08,3043.81,2944
2025-04-09 08:15:00,3043.82,3051.1,3043.8,3045.45,2488
2025-04-09 08:30:00,3045.44,3046.43,3040.41,3044.88,2178
2025-04-09 08:45:00,3044.92,3046.71,3041.74,3043.89,2292
2025-04-09 09:00:00,3043.9,3046.25,3038.51,3042.28,2600
2025-04-09 09:15:00,3042.27,3047.92,3042.02,3043.62,2107
2025-04-09 09:30:00,3043.67,3049.57,3043.45,3046.99,2288
2025-04-09 09:45:00,3047.0,3047.29,3044.52,3044.9,2210
2025-04-09 10:00:00,3044.89,3047.06,3040.62,3041.47,3046
2025-04-09 10:15:00,3041.16,3042.53,3038.18,3039.34,2713
2025-04-09 10:30:00,3039.33,3044.43,3039.29,3043.12,2237
2025-04-09 10:45:00,3043.13,3045.34,3041.38,3042.72,2200
2025-04-09 11:00:00,3042.78,3045.75,3036.11,3045.44,3745
2025-04-09 11:15:00,3045.39,3064.86,3045.17,3060.24,4046
2025-04-09 11:30:00,3060.23,3067.22,3057.81,3063.0,3946
2025-04-09 11:45:00,3062.96,3067.97,3058.4,3066.58,3334
2025-04-09 12:00:00,3066.59,3072.98,3058.5,3062.86,4198
2025-04-09 12:15:00,3062.78,3067.44,3048.83,3053.92,4619
2025-04-09 12:30:00,3053.95,3055.1,3043.82,3043.87,3892
2025-04-09 12:45:00,3043.89,3051.22,3042.58,3047.26,3877
2025-04-09 13:00:00,3047.35,3060.61,3047.32,3056.87,4505
2025-04-09 13:15:00,3056.85,3061.46,3055.94,3060.37,4222
2025-04-09 13:30:00,3060.39,3077.81,3060.1,3072.79,4505
2025-04-09 13:45:00,3072.73,3076.71,3067.44,3075.24,4305
2025-04-09 14:00:00,3075.25,3078.07,3068.35,3075.06,3862
2025-04-09 14:15:00,3075.07,3084.58,3075.0,3083.41,3725
2025-04-09 14:30:00,3083.39,3084.02,3075.38,3075.83,3461
2025-04-09 14:45:00,3075.89,3079.37,3069.13,3070.45,3586
2025-04-09 15:00:00,3070.41,3075.18,3065.22,3074.99,3581
2025-04-09 15:15:00,3075.03,3087.75,3075.03,3084.34,3371
2025-04-09 15:30:00,3084.41,3087.61,3078.87,3079.11,2958
2025-04-09 15:45:00,3079.1,3086.41,3078.56,3086.28,2650
2025-04-09 16:00:00,3086.3,3090.35,3082.68,3088.72,2659
2025-04-09 16:15:00,3088.71,3090.69,3083.77,3086.08,2658
2025-04-09 16:30:00,3086.05,3090.65,3085.63,3088.22,2588
2025-04-09 16:45:00,3088.24,3094.73,3087.92,3092.39,2719
2025-04-09 17:00:00,3092.41,3095.37,3084.32,3089.24,2994
2025-04-09 17:15:00,3089.31,3098.87,3058.92,3060.08,4503
2025-04-09 17:30:00,3060.24,3070.24,3051.18,3063.82,5079
2025-04-09 17:45:00,3063.74,3075.42,3059.23,3059.39,4193
2025-04-09 18:00:00,3059.31,3068.86,3051.25,3052.15,4030
2025-04-09 18:15:00,3052.14,3067.12,3048.43,3063.93,4238
2025-04-09 18:30:00,3064.05,3073.46,3063.92,3064.14,3464
2025-04-09 18:45:00,3064.16,3069.48,3063.33,3067.11,3050
2025-04-09 19:00:00,3067.27,3090.87,3064.2,3086.26,3312
2025-04-09 19:15:00,3086.29,3095.67,3085.63,3091.52,3451
2025-04-09 19:30:00,3091.49,3098.92,3087.49,3098.32,3130
2025-04-09 19:45:00,3098.39,3099.55,3084.4,3093.88,3485
2025-04-09 20:00:00,3093.72,3095.4,3090.24,3091.95,1890
2025-04-09 20:15:00,3091.94,3092.11,3086.19,3090.42,1566
2025-04-09 20:30:00,3090.41,3091.42,3080.23,3082.61,1424
2025-04-09 20:45:00,3082.6,3083.13,3078.09,3082.88,1109
2025-04-09 22:00:00,3083.5,3083.92,3071.31,3075.74,1253
2025-04-09 22:15:00,3075.75,3082.81,3073.74,3078.66,1448
2025-04-09 22:30:00,3078.68,3089.83,3078.48,3083.5,1612
2025-04-09 22:45:00,3083.51,3086.33,3079.92,3079.99,1518
2025-04-09 23:00:00,3080.12,3084.09,3079.56,3083.08,1511
2025-04-09 23:15:00,3083.09,3085.99,3079.54,3085.48,1651
2025-04-09 23:30:00,3085.51,3088.22,3083.63,3085.17,1848
2025-04-09 23:45:00,3085.12,3088.95,3082.4,3086.75,2301
2025-04-10 00:00:00,3086.74,3088.46,3081.3,3086.81,3160
2025-04-10 00:15:00,3086.82,3096.53,3085.9,3096.0,3290
2025-04-10 00:30:00,3096.04,3101.28,3094.06,3097.16,3528
2025-04-10 00:45:00,3097.15,3098.01,3092.97,3097.08,2849
2025-04-10 01:00:00,3097.09,3100.47,3085.01,3086.29,4266
2025-04-10 01:15:00,3086.3,3089.79,3082.61,3087.64,3592
2025-04-10 01:30:00,3087.61,3089.08,3078.4,3088.01,3298
2025-04-10 01:45:00,3088.08,3095.44,3085.35,3094.05,3196
2025-04-10 02:00:00,3093.99,3115.8,3093.9,3105.21,3757
2025-04-10 02:15:00,3105.18,3117.06,3105.04,3111.4,3281
2025-04-10 02:30:00,3111.44,3119.51,3110.65,3113.96,2998
2025-04-10 02:45:00,3113.94,3120.29,3111.44,3119.24,2843
2025-04-10 03:00:00,3119.32,3125.84,3115.27,3125.54,2933
2025-04-10 03:15:00,3125.55,3131.71,3121.46,3123.92,3108
2025-04-10 03:30:00,3123.95,3130.29,3120.53,3121.82,1996
2025-04-10 03:45:00,3121.84,3126.75,3121.55,3125.32,1673
2025-04-10 04:00:00,3125.29,3128.17,3124.87,3125.92,1655
2025-04-10 04:15:00,3125.91,3129.32,3124.34,3126.89,1788
2025-04-10 04:30:00,3126.81,3126.81,3121.06,3122.34,1372
2025-04-10 04:45:00,3122.36,3127.61,3122.19,3125.24,1482
2025-04-10 05:00:00,3125.25,3132.52,3124.67,3129.63,2108
2025-04-10 05:15:00,3129.65,3130.42,3124.94,3125.34,1658
2025-04-10 05:30:00,3125.31,3125.74,3113.99,3115.45,2228
2025-04-10 05:45:00,3115.43,3123.43,3112.7,3122.35,2257
2025-04-10 06:00:00,3122.31,3126.26,3120.15,3125.43,2756
2025-04-10 06:15:00,3125.39,3125.39,3120.13,3121.49,2676
2025-04-10 06:30:00,3121.53,3123.17,3118.91,3121.0,2804
2025-04-10 06:45:00,3121.02,3122.97,3119.4,3122.09,2664
2025-04-10 07:00:00,3122.04,3122.55,3116.82,3118.55,3004
2025-04-10 07:15:00,3118.65,3123.35,3116.77,3116.99,3121
2025-04-10 07:30:00,3117.0,3117.01,3106.56,3111.91,3460
2025-04-10 07:45:00,3111.93,3115.9,3108.48,3108.7,2918
2025-04-10 08:00:00,3108.8,3115.62,3108.71,3110.92,3198
2025-04-10 08:15:00,3110.9,3115.52,3110.32,3114.23,2551
2025-04-10 08:30:00,3114.2,3114.2,3104.79,3112.0,2959
2025-04-10 08:45:00,3111.99,3113.46,3104.68,3105.0,2439
2025-04-10 09:00:00,3104.99,3107.6,3103.12,3106.86,2613
2025-04-10 09:15:00,3106.9,3111.09,3106.54,3109.84,2236
2025-04-10 09:30:00,3109.85,3113.05,3105.12,3111.25,2540
2025-04-10 09:45:00,3111.26,3118.01,3109.24,3116.25,2396
2025-04-10 10:00:00,3116.22,3118.51,3114.31,3118.39,2394
2025-04-10 10:15:00,3118.4,3122.56,3115.93,3119.34,2550
2025-04-10 10:30:00,3119.35,3121.35,3115.53,3116.46,2798
2025-04-10 10:45:00,3116.33,3120.76,3115.17,3119.85,2412
2025-04-10 11:00:00,3119.98,3120.76,3113.12,3115.9,2828
2025-04-10 11:15:00,3115.89,3122.47,3114.63,3122.24,2562
2025-04-10 11:30:00,3122.23,3124.84,3120.84,3122.07,2799
2025-04-10 11:45:00,3122.08,3125.57,3118.77,3124.66,2548
2025-04-10 12:00:00,3124.68,3128.97,3122.41,3125.82,2931
2025-04-10 12:15:00,3125.84,3128.62,3122.93,3126.29,3105
2025-04-10 12:30:00,3126.02,3133.62,3116.24,3124.63,4257
2025-04-10 12:45:00,3124.58,3131.03,3120.84,3122.97,3890
2025-04-10 13:00:00,3122.96,3127.43,3121.01,3125.6,3847
2025-04-10 13:15:00,3125.61,3136.55,3125.61,3132.75,4001
2025-04-10 13:30:00,3132.76,3132.91,3119.42,3121.92,4597
2025-04-10 13:45:00,3121.82,3127.52,3116.0,3116.99,4337
2025-04-10 14:00:00,3116.98,3144.93,3116.79,3142.85,4744
2025-04-10 14:15:00,3142.8,3149.24,3141.13,3144.54,3823
2025-04-10 14:30:00,3144.4,3152.63,3144.14,3151.07,3803
2025-04-10 14:45:00,3151.06,3154.83,3144.93,3154.66,3242
2025-04-10 15:00:00,3154.65,3159.7,3154.5,3159.41,3302
2025-04-10 15:15:00,3159.4,3170.68,3158.58,3170.66,3410
2025-04-10 15:30:00,3170.67,3174.89,3162.43,3168.08,3804
2025-04-10 15:45:00,3168.04,3169.07,3154.75,3157.92,3758
2025-04-10 16:00:00,3157.95,3161.23,3154.0,3159.95,3715
2025-04-10 16:15:00,3159.9,3165.23,3156.08,3162.55,3425
2025-04-10 16:30:00,3162.54,3167.18,3160.16,3164.58,3270
2025-04-10 16:45:00,3164.59,3166.32,3158.32,3158.52,3071
2025-04-10 17:00:00,3158.43,3158.82,3151.49,3157.6,3149
2025-04-10 17:15:00,3157.59,3163.6,3156.76,3159.97,2942
2025-04-10 17:30:00,3160.12,3165.43,3158.3,3163.64,2469
2025-04-10 17:45:00,3163.63,3164.6,3159.73,3162.68,2534
2025-04-10 18:00:00,3162.71,3163.93,3158.05,3158.35,2443
2025-04-10 18:15:00,3158.3,3166.79,3158.28,3164.81,2600
2025-04-10 18:30:00,3164.85,3174.08,3164.15,3173.99,2678
2025-04-10 18:45:00,3173.98,3175.48,3171.23,3173.34,2727
2025-04-10 19:00:00,3173.32,3175.74,3167.95,3170.31,2632
2025-04-10 19:15:00,3170.32,3174.0,3168.44,3171.48,2197
2025-04-10 19:30:00,3171.49,3175.91,3170.09,3174.08,2457
2025-04-10 19:45:00,3174.09,3176.34,3170.21,3170.81,2598
2025-04-10 20:00:00,3170.66,3176.41,3170.39,3174.32,1278
2025-04-10 20:15:00,3174.31,3174.45,3169.99,3170.08,775
2025-04-10 20:30:00,3170.09,3172.6,3168.38,3172.6,940
2025-04-10 20:45:00,3172.62,3175.99,3171.34,3175.39,797
2025-04-10 22:00:00,3175.59,3179.91,3175.53,3179.67,1042
2025-04-10 22:15:00,3179.66,3180.81,3177.63,3179.35,1122
2025-04-10 22:30:00,3179.34,3188.86,3177.96,3186.99,2197
2025-04-10 22:45:00,3186.96,3190.19,3183.32,3188.75,2456
2025-04-10 23:00:00,3188.82,3190.53,3183.5,3183.63,1839
2025-04-10 23:15:00,3183.62,3188.34,3183.03,3188.25,1672
2025-04-10 23:30:00,3188.27,3189.42,3185.5,3189.22,1917
2025-04-10 23:45:00,3189.28,3191.24,3187.24,3188.91,2378
2025-04-11 00:00:00,3188.94,3190.39,3184.81,3189.92,3119
2025-04-11 00:15:00,3189.93,3199.89,3188.62,3194.8,3669
2025-04-11 00:30:00,3194.76,3217.78,3194.59,3212.64,5016
2025-04-11 00:45:00,3212.61,3215.86,3203.3,3205.49,4259
2025-04-11 01:00:00,3205.45,3219.3,3204.92,3210.3,5106
2025-04-11 01:15:00,3210.31,3212.5,3201.0,3210.69,4367
2025-04-11 01:30:00,3210.6,3216.0,3207.88,3214.41,3830
2025-04-11 01:45:00,3214.42,3216.13,3205.51,3206.95,3510
2025-04-11 02:00:00,3207.11,3217.44,3205.94,3216.41,3025
2025-04-11 02:15:00,3216.44,3219.58,3213.86,3216.12,2668
2025-04-11 02:30:00,3216.13,3219.76,3214.73,3216.92,2913
2025-04-11 02:45:00,3216.93,3219.62,3214.79,3217.37,2881
2025-04-11 03:00:00,3217.27,3219.57,3214.05,3216.35,2671
2025-04-11 03:15:00,3216.36,3219.7,3214.85,3219.01,2775
2025-04-11 03:30:00,3218.99,3220.05,3215.02,3216.09,2605
2025-04-11 03:45:00,3216.08,3218.8,3214.67,3217.72,2250
2025-04-11 04:00:00,3217.74,3218.09,3214.58,3216.15,2105
2025-04-11 04:15:00,3216.17,3216.96,3210.68,3216.14,2254
2025-04-11 04:30:00,3216.15,3217.13,3212.34,3213.91,1875
2025-04-11 04:45:00,3213.92,3213.93,3208.39,3208.44,2108
2025-04-11 05:00:00,3208.48,3209.59,3203.97,3208.55,2775
2025-04-11 05:15:00,3208.56,3218.6,3208.03,3216.88,3058
2025-04-11 05:30:00,3216.89,3219.22,3188.88,3189.07,4529
2025-04-11 05:45:00,3189.17,3196.15,3187.1,3195.8,4288
2025-04-11 06:00:00,3195.78,3201.96,3190.17,3194.98,4131
2025-04-11 06:15:00,3194.94,3203.51,3192.59,3202.67,3779
2025-04-11 06:30:00,3202.64,3209.43,3199.76,3206.32,3546
2025-04-11 06:45:00,3206.29,3207.39,3194.72,3197.12,3776
2025-04-11 07:00:00,3197.19,3213.03,3193.91,3211.62,4107
2025-04-11 07:15:00,3211.63,3212.84,3202.61,3205.74,2850
2025-04-11 07:30:00,3205.76,3212.26,3204.99,3208.87,2964
2025-04-11 07:45:00,3208.83,3212.53,3204.42,3212.34,2888
2025-04-11 08:00:00,3212.41,3219.47,3208.47,3217.96,4214
2025-04-11 08:15:00,3217.97,3227.39,3215.79,3219.18,3659
2025-04-11 08:30:00,3219.13,3219.91,3213.31,3217.71,2718
2025-04-11 08:45:00,3217.74,3224.62,3215.64,3215.94,2951
2025-04-11 09:00:00,3215.93,3219.64,3214.58,3218.62,2580
2025-04-11 09:15:00,3218.73,3219.75,3213.29,3215.12,2513
2025-04-11 09:30:00,3215.09,3223.8,3211.93,3222.18,2666
2025-04-11 09:45:00,3222.19,3230.04,3221.8,3227.63,2473
2025-04-11 10:00:00,3227.64,3237.76,3225.37,3234.75,3069
2025-04-11 10:15:00,3234.78,3235.1,3225.18,3228.01,2438
2025-04-11 10:30:00,3228.02,3228.14,3214.89,3215.8,2284
2025-04-11 10:45:00,3215.71,3217.23,3210.04,3212.54,3215
2025-04-11 11:00:00,3212.53,3224.57,3212.0,3221.02,2788
2025-04-11 11:15:00,3221.03,3223.81,3216.96,3220.7,2527
2025-04-11 11:30:00,3220.69,3220.75,3213.15,3214.0,2420
2025-04-11 11:45:00,3214.03,3217.65,3211.44,3213.77,2489
2025-04-11 12:00:00,3213.73,3220.37,3211.01,3218.67,3414
2025-04-11 12:15:00,3218.55,3226.15,3215.28,3224.88,3987
2025-04-11 12:30:00,3224.85,3230.23,3224.41,3226.41,3985
2025-04-11 12:45:00,3226.42,3233.98,3223.1,3233.56,3654
2025-04-11 13:00:00,3233.57,3236.77,3229.08,3233.36,4076
2025-04-11 13:15:00,3233.34,3236.12,3227.53,3230.2,3644
2025-04-11 13:30:00,3230.21,3244.02,3230.21,3240.41,4861
2025-04-11 13:45:00,3240.38,3240.6,3219.56,3223.84,4669
2025-04-11 14:00:00,3223.9,3234.69,3222.52,3232.84,4862
2025-04-11 14:15:00,3232.85,3237.76,3225.15,3227.97,4392
2025-04-11 14:30:00,3228.0,3232.89,3223.0,3230.49,4648
2025-04-11 14:45:00,3230.48,3232.69,3227.07,3230.13,3965
2025-04-11 15:00:00,3230.11,3239.0,3229.54,3236.62,3998
2025-04-11 15:15:00,3236.67,3240.27,3234.74,3239.18,3632
2025-04-11 15:30:00,3239.19,3239.49,3235.3,3236.81,2792
2025-04-11 15:45:00,3236.94,3241.88,3236.78,3240.52,2592
2025-04-11 16:00:00,3240.51,3245.31,3239.2,3243.38,2698
2025-04-11 16:15:00,3243.46,3244.13,3233.09,3234.37,2893
2025-04-11 16:30:00,3234.39,3236.63,3228.94,3231.3,3027
2025-04-11 16:45:00,3231.27,3233.58,3219.66,3223.18,3635
2025-04-11 17:00:00,3223.19,3231.37,3223.19,3225.45,3130
2025-04-11 17:15:00,3225.35,3228.98,3223.74,3227.21,3062
2025-04-11 17:30:00,3227.41,3235.39,3227.02,3231.83,2985
2025-04-11 17:45:00,3231.82,3234.33,3231.37,3233.89,2667
2025-04-11 18:00:00,3233.91,3237.17,3232.63,3233.31,2380
2025-04-11 18:15:00,3233.33,3236.56,3231.2,3236.26,2227
2025-04-11 18:30:00,3236.22,3238.27,3235.01,3235.77,2068
2025-04-11 18:45:00,3235.78,3236.72,3233.58,3235.74,1869
2025-04-11 19:00:00,3235.62,3235.69,3229.85,3230.56,2616
2025-04-11 19:15:00,3230.61,3231.7,3227.45,3231.35,2313
2025-04-11 19:30:00,3231.36,3231.39,3227.77,3230.06,2215
2025-04-11 19:45:00,3230.03,3232.05,3228.54,3230.98,1943
2025-04-11 20:00:00,3231.0,3236.84,3230.86,3235.93,1165
2025-04-11 20:15:00,3235.94,3236.25,3233.4,3234.69,707
2025-04-11 20:30:00,3234.64,3237.33,3234.17,3236.01,763
2025-04-11 20:45:00,3235.99,3238.96,3233.9,3237.74,998
2025-04-13 22:00:00,3229.79,3229.79,3209.76,3220.19,2135
2025-04-13 22:15:00,3220.34,3223.19,3213.45,3219.03,2061
2025-04-13 22:30:00,3219.0,3223.46,3217.32,3220.51,2197
2025-04-13 22:45:00,3220.5,3223.86,3220.29,3221.29,1651
2025-04-13 23:00:00,3221.3,3222.55,3216.82,3219.57,2278
2025-04-13 23:15:00,3219.58,3222.06,3217.12,3218.4,1756
2025-04-13 23:30:00,3218.38,3221.22,3217.99,3219.61,1522
2025-04-13 23:45:00,3219.6,3224.41,3218.46,3223.75,2173
2025-04-14 00:00:00,3223.72,3224.83,3220.82,3222.68,2560
2025-04-14 00:15:00,3222.66,3227.15,3221.8,3223.96,2052
2025-04-14 00:30:00,3223.95,3226.54,3220.32,3220.64,1778
2025-04-14 00:45:00,3220.56,3222.85,3219.15,3220.87,1730
2025-04-14 01:00:00,3220.89,3223.2,3215.31,3220.7,4040
2025-04-14 01:15:00,3220.69,3232.32,3217.75,3228.81,3738
2025-04-14 01:30:00,3228.8,3241.36,3226.35,3240.58,3688
2025-04-14 01:45:00,3240.56,3243.54,3237.05,3239.71,3134
2025-04-14 02:00:00,3239.68,3245.6,3239.13,3243.5,2715
2025-04-14 02:15:00,3243.57,3243.69,3233.13,3234.49,2733
2025-04-14 02:30:00,3234.5,3237.21,3229.5,3234.25,3083
2025-04-14 02:45:00,3234.26,3237.49,3230.26,3231.87,2260
2025-04-14 03:00:00,3231.84,3233.85,3226.88,3231.15,2778
2025-04-14 03:15:00,3231.14,3233.66,3228.96,3232.78,2157
2025-04-14 03:30:00,3232.86,3234.61,3231.06,3232.88,1534
2025-04-14 03:45:00,3232.8,3233.13,3231.38,3232.33,1138
2025-04-14 04:00:00,3232.35,3235.64,3232.1,3234.45,1584
2025-04-14 04:15:00,3234.44,3235.09,3229.05,3232.42,1670
2025-04-14 04:30:00,3232.45,3232.48,3229.09,3229.91,1252
2025-04-14 04:45:00,3229.88,3229.9,3226.07,3227.32,1562
2025-04-14 05:00:00,3227.29,3227.68,3223.86,3226.59,1867
2025-04-14 05:15:00,3226.58,3227.06,3221.38,3224.94,1947
2025-04-14 05:30:00,3224.95,3231.58,3223.18,3227.94,2639
2025-04-14 05:45:00,3227.92,3236.0,3227.83,3234.41,2199
2025-04-14 06:00:00,3234.39,3235.55,3229.76,3230.6,2636
2025-04-14 06:15:00,3230.59,3238.0,3229.16,3235.76,2461
2025-04-14 06:30:00,3235.73,3236.05,3230.14,3231.31,2434
2025-04-14 06:45:00,3231.32,3231.88,3228.83,3230.74,2395
2025-04-14 07:00:00,3230.73,3233.44,3228.73,3229.39,2530
2025-04-14 07:15:00,3229.4,3232.43,3228.4,3231.15,2060
2025-04-14 07:30:00,3231.16,3233.61,3228.14,3228.15,2334
2025-04-14 07:45:00,3228.17,3230.32,3224.77,3227.89,2516
2025-04-14 08:00:00,3227.88,3229.1,3217.31,3219.21,3241
2025-04-14 08:15:00,3219.2,3224.53,3216.48,3224.48,2617
2025-04-14 08:30:00,3224.52,3226.27,3221.51,3222.08,2298
2025-04-14 08:45:00,3222.1,3229.91,3221.34,3226.9,2505
2025-04-14 09:00:00,3226.89,3230.76,3225.16,3230.01,2430
2025-04-14 09:15:00,3229.98,3231.59,3223.5,3224.42,2261
2025-04-14 09:30:00,3224.37,3224.38,3220.85,3222.91,2333
2025-04-14 09:45:00,3222.84,3226.27,3221.74,3223.81,2000
2025-04-14 10:00:00,3223.79,3224.57,3220.02,3220.39,2200
2025-04-14 10:15:00,3220.42,3220.58,3206.38,3209.38,3068
2025-04-14 10:30:00,3209.39,3213.61,3206.32,3208.04,3520
2025-04-14 10:45:00,3208.0,3215.95,3207.36,3215.26,2733
2025-04-14 11:00:00,3215.25,3222.99,3213.91,3222.95,2741
2025-04-14 11:15:00,3222.93,3225.17,3220.95,3222.97,2799
2025-04-14 11:30:00,3222.95,3225.66,3222.23,3224.94,2240
2025-04-14 11:45:00,3224.93,3225.72,3221.61,3223.28,1943
2025-04-14 12:00:00,3223.29,3227.61,3222.5,3226.34,2950
2025-04-14 12:15:00,3226.39,3226.39,3210.91,3211.76,3719
2025-04-14 12:30:00,3211.72,3214.03,3200.51,3206.64,4159
2025-04-14 12:45:00,3206.62,3211.84,3203.4,3206.64,3594
2025-04-14 13:00:00,3206.65,3210.64,3195.21,3196.4,4555
2025-04-14 13:15:00,3196.46,3205.32,3193.6,3204.82,4376
2025-04-14 13:30:00,3204.83,3207.83,3194.53,3207.71,4863
2025-04-14 13:45:00,3207.73,3209.61,3201.65,3204.52,4160
2025-04-14 14:00:00,3204.53,3205.4,3195.19,3202.38,3797
2025-04-14 14:15:00,3202.4,3205.34,3199.84,3204.41,3257
2025-04-14 14:30:00,3204.39,3209.57,3204.39,3208.39,2845
2025-04-14 14:45:00,3208.51,3215.62,3207.81,3211.07,3447
2025-04-14 15:00:00,3211.05,3211.07,3206.73,3209.35,3194
2025-04-14 15:15:00,3209.33,3209.75,3205.44,3205.7,3258
2025-04-14 15:30:00,3205.72,3207.35,3197.15,3198.01,2818
2025-04-14 15:45:00,3198.02,3201.32,3196.26,3197.91,3108
2025-04-14 16:00:00,3197.9,3203.12,3197.66,3202.48,2657
2025-04-14 16:15:00,3202.47,3206.26,3201.92,3204.78,2238
2025-04-14 16:30:00,3204.77,3207.36,3204.35,3206.34,1956
2025-04-14 16:45:00,3206.39,3208.21,3204.81,3207.48,2031
2025-04-14 17:00:00,3207.45,3211.4,3206.99,3210.43,2496
2025-04-14 17:15:00,3210.45,3211.02,3208.27,3210.45,2213
2025-04-14 17:30:00,3210.29,3216.41,3210.18,3216.01,2289
2025-04-14 17:45:00,3215.97,3215.97,3212.21,3214.01,1960
2025-04-14 18:00:00,3214.02,3214.76,3212.31,3213.17,1575
2025-04-14 18:15:00,3213.19,3214.36,3209.23,3210.19,2071
2025-04-14 18:30:00,3210.18,3211.16,3201.37,3204.33,2267
2025-04-14 18:45:00,3204.35,3209.03,3202.27,3208.0,1699
2025-04-14 19:00:00,3207.98,3210.14,3207.72,3209.86,1631
2025-04-14 19:15:00,3209.88,3212.31,3209.52,3211.23,1656
2025-04-14 19:30:00,3211.22,3211.88,3208.64,3209.65,1768
2025-04-14 19:45:00,3209.72,3212.94,3209.72,3212.73,1892
2025-04-14 20:00:00,3212.69,3213.73,3210.26,3212.13,1006
2025-04-14 20:15:00,3212.12,3212.12,3209.35,3211.73,771
2025-04-14 20:30:00,3211.78,3211.94,3207.32,3211.44,656
2025-04-14 20:45:00,3211.42,3211.58,3209.98,3210.4,456
2025-04-14 22:00:00,3211.0,3213.6,3210.66,3212.51,648
2025-04-14 22:15:00,3212.4,3213.06,3212.08,3212.79,520
2025-04-14 22:30:00,3212.71,3215.2,3212.34,3214.49,767
2025-04-14 22:45:00,3214.5,3214.57,3212.1,3212.16,698
2025-04-14 23:00:00,3212.13,3212.26,3210.4,3211.51,786
2025-04-14 23:15:00,3211.42,3213.23,3211.35,3213.04,577
2025-04-14 23:30:00,3213.03,3213.3,3210.98,3211.98,814
2025-04-14 23:45:00,3212.0,3214.13,3211.56,3212.52,1237
2025-04-15 00:00:00,3212.51,3214.04,3210.74,3214.0,1599
2025-04-15 00:15:00,3213.94,3215.17,3211.25,3212.95,1570
2025-04-15 00:30:00,3212.97,3214.31,3211.06,3212.02,1422
2025-04-15 00:45:00,3212.05,3212.81,3211.22,3211.86,1287
2025-04-15 01:00:00,3211.83,3217.55,3209.98,3217.55,2849
2025-04-15 01:15:00,3217.43,3225.15,3216.98,3223.08,2624
2025-04-15 01:30:00,3223.09,3225.83,3217.03,3221.43,2534
2025-04-15 01:45:00,3221.42,3223.94,3219.76,3223.62,1904
2025-04-15 02:00:00,3223.63,3224.18,3218.73,3219.1,2046
2025-04-15 02:15:00,3219.12,3221.58,3219.02,3220.96,1362
2025-04-15 02:30:00,3220.95,3224.37,3220.41,3222.21,1899
2025-04-15 02:45:00,3222.2,3225.0,3221.78,3224.32,1580
2025-04-15 03:00:00,3224.25,3228.08,3223.88,3225.1,2094
2025-04-15 03:15:00,3225.07,3225.63,3223.7,3223.93,1511
2025-04-15 03:30:00,3223.94,3226.09,3223.44,3225.73,1127
2025-04-15 03:45:00,3225.72,3228.78,3223.2,3228.26,1700
2025-04-15 04:00:00,3228.33,3230.04,3227.27,3227.9,1325
2025-04-15 04:15:00,3227.91,3228.97,3226.77,3228.84,1099
2025-04-15 04:30:00,3228.85,3230.4,3227.14,3229.43,1332
2025-04-15 04:45:00,3229.42,3232.61,3229.31,3231.8,1461
2025-04-15 05:00:00,3231.76,3232.07,3227.45,3227.7,1690
2025-04-15 05:15:00,3227.69,3228.62,3223.71,3223.78,1848
2025-04-15 05:30:00,3223.79,3227.28,3221.65,3222.23,2380
2025-04-15 05:45:00,3222.22,3226.25,3220.79,3224.55,1853
2025-04-15 06:00:00,3224.58,3227.81,3223.12,3226.01,2048
2025-04-15 06:15:00,3226.0,3227.6,3223.98,3226.88,1810
2025-04-15 06:30:00,3226.91,3228.66,3225.35,3227.87,1873
2025-04-15 06:45:00,3227.86,3228.28,3224.35,3225.04,1784
2025-04-15 07:00:00,3225.03,3226.45,3221.98,3222.16,2036
2025-04-15 07:15:00,3222.15,3223.66,3219.78,3220.44,2084
2025-04-15 07:30:00,3220.32,3220.92,3217.45,3220.28,2335
2025-04-15 07:45:00,3220.27,3225.56,3217.45,3225.56,2467
2025-04-15 08:00:00,3225.57,3231.24,3224.26,3231.07,3219
2025-04-15 08:15:00,3231.09,3232.08,3228.53,3229.33,2332
2025-04-15 08:30:00,3229.47,3230.34,3225.84,3227.75,2245
2025-04-15 08:45:00,3227.74,3229.16,3225.47,3227.59,2105
2025-04-15 09:00:00,3227.6,3230.05,3226.45,3228.6,1782
2025-04-15 09:15:00,3228.61,3229.66,3226.98,3228.46,1600
2025-04-15 09:30:00,3228.48,3228.68,3223.31,3223.67,1830
2025-04-15 09:45:00,3223.66,3224.22,3221.06,3222.45,1983
2025-04-15 10:00:00,3222.46,3226.85,3221.67,3226.19,1797
2025-04-15 10:15:00,3226.2,3226.25,3223.38,3224.27,1414
2025-04-15 10:30:00,3224.22,3225.31,3222.31,3223.58,1703
2025-04-15 10:45:00,3223.49,3224.15,3219.59,3220.15,1903
2025-04-15 11:00:00,3220.14,3224.02,3220.07,3221.87,1848
2025-04-15 11:15:00,3221.84,3222.74,3219.62,3220.26,1978
2025-04-15 11:30:00,3220.29,3220.9,3218.04,3218.81,2007
2025-04-15 11:45:00,3218.78,3220.81,3216.76,3220.01,2324
2025-04-15 12:00:00,3220.02,3224.25,3219.45,3223.66,2298
2025-04-15 12:15:00,3223.65,3226.09,3214.18,3219.32,3021
2025-04-15 12:30:00,3219.33,3222.24,3215.33,3220.39,2788
2025-04-15 12:45:00,3220.38,3223.33,3218.43,3221.39,2646
2025-04-15 13:00:00,3221.38,3226.27,3219.81,3222.52,3227
2025-04-15 13:15:00,3222.53,3223.81,3218.89,3220.79,2805
2025-04-15 13:30:00,3220.8,3224.22,3214.94,3214.97,3556
2025-04-15 13:45:00,3214.99,3218.4,3211.56,3213.01,3728
2025-04-15 14:00:00,3212.98,3221.68,3212.98,3220.12,3515
2025-04-15 14:15:00,3220.11,3226.8,3218.9,3224.5,3535
2025-04-15 14:30:00,3224.47,3225.67,3219.93,3222.13,2953
2025-04-15 14:45:00,3222.12,3224.36,3219.43,3222.58,2966
2025-04-15 15:00:00,3222.57,3222.76,3216.85,3219.13,2827
2025-04-15 15:15:00,3219.07,3221.96,3217.67,3221.74,2421
2025-04-15 15:30:00,3221.75,3224.05,3219.02,3219.02,2058
2025-04-15 15:45:00,3219.06,3221.81,3218.37,3221.21,2124
2025-04-15 16:00:00,3221.22,3223.31,3220.83,3222.91,1718
2025-04-15 16:15:00,3222.92,3223.28,3219.83,3221.51,1869
2025-04-15 16:30:00,3221.52,3222.42,3219.4,3221.66,1788
2025-04-15 16:45:00,3221.65,3222.27,3220.6,3221.33,1638
2025-04-15 17:00:00,3221.32,3223.16,3220.33,3221.33,1527
2025-04-15 17:15:00,3221.32,3224.03,3220.5,3223.67,1764
2025-04-15 17:30:00,3223.66,3229.55,3223.54,3228.77,1939
2025-04-15 17:45:00,3228.76,3230.68,3227.5,3227.91,1999
2025-04-15 18:00:00,3227.93,3228.8,3225.6,3226.73,1715
2025-04-15 18:15:00,3226.77,3228.67,3226.17,3228.52,1696
2025-04-15 18:30:00,3228.51,3229.53,3226.67,3227.99,1537
2025-04-15 18:45:00,3227.98,3229.71,3227.37,3229.14,1312
2025-04-15 19:00:00,3229.15,3231.76,3228.83,3231.76,1330
2025-04-15 19:15:00,3231.77,3231.85,3226.54,3226.77,1700
2025-04-15 19:30:00,3226.79,3227.89,3226.14,3227.85,1514
2025-04-15 19:45:00,3227.82,3229.79,3226.86,3229.79,1783
2025-04-15 20:00:00,3229.96,3233.56,3229.8,3231.07,1135
2025-04-15 20:15:00,3231.06,3231.06,3226.6,3228.43,791
2025-04-15 20:30:00,3228.44,3230.24,3227.81,3228.14,655
2025-04-15 20:45:00,3228.12,3231.42,3226.42,3229.24,722
2025-04-15 22:00:00,3231.06,3233.29,3229.9,3232.15,718
2025-04-15 22:15:00,3232.17,3235.18,3231.4,3234.81,488
2025-04-15 22:30:00,3234.69,3238.82,3234.27,3238.74,1368
2025-04-15 22:45:00,3238.71,3242.12,3237.44,3241.38,1290
2025-04-15 23:00:00,3241.51,3241.69,3238.3,3241.67,1371
2025-04-15 23:15:00,3241.68,3243.52,3240.03,3242.66,1408
2025-04-15 23:30:00,3242.59,3248.54,3242.25,3243.83,1987
2025-04-15 23:45:00,3243.77,3251.72,3240.53,3251.72,2160
2025-04-16 00:00:00,3251.69,3261.66,3251.56,3255.91,3707
2025-04-16 00:15:00,3256.03,3262.17,3255.86,3261.55,2860
2025-04-16 00:30:00,3261.54,3266.62,3261.23,3263.74,2834
2025-04-16 00:45:00,3263.77,3267.98,3263.43,3264.37,2393
2025-04-16 01:00:00,3264.36,3274.96,3264.21,3269.51,4251
2025-04-16 01:15:00,3269.52,3273.34,3264.71,3264.9,3475
2025-04-16 01:30:00,3264.89,3266.76,3255.94,3265.7,3044
2025-04-16 01:45:00,3265.62,3271.42,3265.4,3270.19,2131
2025-04-16 02:00:00,3270.18,3275.28,3268.84,3271.25,2723
2025-04-16 02:15:00,3271.29,3273.28,3269.8,3271.64,1812
2025-04-16 02:30:00,3271.63,3274.05,3268.78,3269.26,2078
2025-04-16 02:45:00,3269.27,3270.34,3266.88,3267.68,1992
2025-04-16 03:00:00,3267.67,3273.36,3266.22,3271.9,2222
2025-04-16 03:15:00,3271.89,3276.28,3267.17,3275.67,1932
2025-04-16 03:30:00,3275.68,3277.04,3274.95,3276.19,1491
2025-04-16 03:45:00,3276.18,3281.66,3275.25,3281.4,1975
2025-04-16 04:00:00,3281.41,3283.68,3279.41,3279.6,1362
2025-04-16 04:15:00,3279.58,3279.59,3270.89,3271.5,1777
2025-04-16 04:30:00,3271.48,3279.97,3269.31,3279.16,2580
2025-04-16 04:45:00,3279.17,3287.57,3276.71,3283.59,2193
2025-04-16 05:00:00,3283.61,3288.94,3283.55,3287.23,1942
2025-04-16 05:15:00,3287.27,3290.51,3286.16,3289.11,1706
2025-04-16 05:30:00,3289.09,3291.66,3287.68,3288.85,2413
2025-04-16 05:45:00,3288.84,3291.1,3286.45,3289.65,2300
2025-04-16 06:00:00,3289.66,3290.02,3285.97,3289.59,2426
2025-04-16 06:15:00,3289.67,3292.65,3289.41,3290.14,2077
2025-04-16 06:30:00,3290.15,3295.01,3286.67,3288.64,3002
2025-04-16 06:45:00,3288.66,3291.93,3287.39,3291.71,2589
2025-04-16 07:00:00,3291.77,3297.94,3291.3,3297.09,3555
2025-04-16 07:15:00,3297.1,3297.91,3292.17,3297.13,2743
2025-04-16 07:30:00,3297.22,3297.5,3294.43,3294.84,2620
2025-04-16 07:45:00,3294.82,3300.51,3294.76,3300.38,2674
2025-04-16 08:00:00,3300.37,3309.69,3299.47,3309.65,3427
2025-04-16 08:15:00,3309.72,3317.68,3299.84,3299.84,4314
2025-04-16 08:30:00,3299.8,3301.16,3288.6,3292.25,5010
2025-04-16 08:45:00,3292.24,3309.82,3290.97,3306.91,3751
2025-04-16 09:00:00,3306.9,3307.67,3300.07,3307.06,3061
2025-04-16 09:15:00,3307.05,3310.82,3305.35,3305.35,2761
2025-04-16 09:30:00,3305.25,3307.35,3301.92,3301.96,2502
2025-04-16 09:45:00,3301.99,3305.11,3301.78,3303.44,2156
2025-04-16 10:00:00,3303.45,3305.94,3299.67,3299.87,2234
2025-04-16 10:15:00,3299.84,3304.46,3299.57,3303.91,2209
2025-04-16 10:30:00,3303.9,3305.09,3302.17,3304.52,2000
2025-04-16 10:45:00,3304.47,3306.78,3302.21,3304.03,1996
2025-04-16 11:00:00,3304.02,3305.3,3296.28,3297.65,2720
2025-04-16 11:15:00,3297.66,3300.48,3293.05,3294.97,2684
2025-04-16 11:30:00,3294.99,3303.62,3294.99,3302.88,2382
2025-04-16 11:45:00,3302.91,3313.65,3302.91,3306.76,3692
2025-04-16 12:00:00,3306.78,3309.53,3304.71,3307.03,3083
2025-04-16 12:15:00,3307.0,3308.88,3304.81,3306.83,2700
2025-04-16 12:30:00,3306.82,3312.49,3302.41,3312.38,3368
2025-04-16 12:45:00,3312.44,3313.31,3305.83,3307.29,3226
2025-04-16 13:00:00,3307.38,3311.11,3304.8,3306.33,3320
2025-04-16 13:15:00,3306.14,3308.87,3298.94,3304.87,3816
2025-04-16 13:30:00,3304.91,3306.5,3296.8,3298.59,3904
2025-04-16 13:45:00,3298.56,3316.36,3298.48,3311.54,3923
2025-04-16 14:00:00,3311.61,3319.53,3307.31,3309.0,4694
2025-04-16 14:15:00,3309.07,3314.57,3307.36,3313.06,3869
2025-04-16 14:30:00,3313.04,3314.71,3309.4,3309.72,3689
2025-04-16 14:45:00,3309.75,3312.59,3306.14,3308.38,3703
2025-04-16 15:00:00,3308.39,3314.23,3305.17,3309.15,3892
2025-04-16 15:15:00,3309.14,3313.96,3308.6,3313.96,3102
2025-04-16 15:30:00,3314.0,3325.03,3313.83,3321.85,3162
2025-04-16 15:45:00,3321.92,3328.1,3320.96,3325.26,3070
2025-04-16 16:00:00,3325.28,3328.42,3324.31,3326.22,2891
2025-04-16 16:15:00,3326.21,3332.92,3325.91,3332.04,2579
2025-04-16 16:30:00,3332.07,3332.19,3321.44,3322.46,2815
2025-04-16 16:45:00,3322.5,3327.2,3322.25,3327.19,2791
2025-04-16 17:00:00,3327.21,3328.65,3325.41,3326.66,2389
2025-04-16 17:15:00,3326.67,3330.37,3326.45,3329.95,2470
2025-04-16 17:30:00,3329.97,3332.75,3324.36,3330.02,3063
2025-04-16 17:45:00,3330.05,3330.05,3325.92,3328.14,2349
2025-04-16 18:00:00,3328.07,3332.88,3326.34,3332.12,2591
2025-04-16 18:15:00,3332.21,3338.79,3331.62,3338.31,2441
2025-04-16 18:30:00,3338.24,3339.42,3336.32,3338.08,2162
2025-04-16 18:45:00,3338.09,3340.67,3337.23,3338.31,2597
2025-04-16 19:00:00,3338.33,3342.4,3337.39,3338.88,2570
2025-04-16 19:15:00,3338.9,3341.18,3337.97,3339.45,2156
2025-04-16 19:30:00,3339.44,3340.13,3336.5,3338.03,2226
2025-04-16 19:45:00,3338.15,3339.88,3335.84,3336.57,2408
2025-04-16 20:00:00,3336.75,3339.95,3334.37,3334.4,1507
2025-04-16 20:15:00,3334.39,3338.83,3334.39,3338.56,1116
2025-04-16 20:30:00,3338.53,3339.19,3337.51,3339.13,1176
2025-04-16 20:45:00,3339.12,3343.09,3338.54,3343.08,1302
2025-04-16 22:00:00,3342.61,3355.94,3342.34,3354.29,2047
2025-04-16 22:15:00,3354.31,3357.67,3352.33,3352.9,1902
2025-04-16 22:30:00,3352.92,3354.74,3351.73,3352.86,1604
2025-04-16 22:45:00,3352.85,3353.16,3350.39,3351.01,1249
2025-04-16 23:00:00,3351.1,3353.39,3348.85,3349.94,1588
2025-04-16 23:15:00,3349.95,3352.02,3349.44,3351.04,1169
2025-04-16 23:30:00,3351.05,3351.91,3349.4,3351.45,1600
2025-04-16 23:45:00,3351.46,3352.41,3346.88,3350.06,1922
2025-04-17 00:00:00,3350.02,3350.67,3343.64,3345.34,3404
2025-04-17 00:15:00,3345.35,3349.47,3344.36,3348.72,2381
2025-04-17 00:30:00,3348.73,3351.21,3342.05,3342.79,2597
2025-04-17 00:45:00,3342.78,3348.44,3341.96,3345.4,2660
2025-04-17 01:00:00,3345.32,3353.27,3343.19,3352.86,3687
2025-04-17 01:15:00,3352.92,3356.18,3347.51,3348.12,3323
2025-04-17 01:30:00,3348.16,3348.28,3329.63,3342.76,5326
2025-04-17 01:45:00,3342.71,3342.71,3320.8,3323.93,5331
2025-04-17 02:00:00,3323.88,3335.14,3321.0,3335.04,4206
2025-04-17 02:15:00,3335.01,3338.65,3332.12,3337.18,2609
2025-04-17 02:30:00,3337.17,3339.9,3329.91,3331.7,2959
2025-04-17 02:45:00,3331.69,3340.6,3329.53,3340.37,2811
2025-04-17 03:00:00,3340.35,3341.64,3337.32,3340.78,2558
2025-04-17 03:15:00,3340.86,3343.09,3339.01,3342.66,2085
2025-04-17 03:30:00,3342.69,3343.07,3339.15,3341.89,2088
2025-04-17 03:45:00,3341.9,3344.5,3340.28,3344.46,1788
2025-04-17 04:00:00,3344.47,3344.47,3338.78,3343.67,2133
2025-04-17 04:15:00,3343.64,3343.64,3340.33,3341.74,1595
2025-04-17 04:30:00,3341.78,3341.79,3338.45,3338.5,1791
2025-04-17 04:45:00,3338.49,3341.57,3337.76,3341.43,1462
2025-04-17 05:00:00,3341.44,3345.36,3336.63,3336.74,2277
2025-04-17 05:15:00,3336.73,3340.83,3336.72,3336.8,1325
2025-04-17 05:30:00,3336.81,3337.32,3333.25,3333.27,2584
2025-04-17 05:45:00,3333.26,3336.12,3328.34,3329.32,2321
2025-04-17 06:00:00,3329.38,3330.85,3325.11,3330.69,4028
2025-04-17 06:15:00,3330.7,3332.92,3325.38,3327.87,3354
2025-04-17 06:30:00,3327.89,3332.85,3327.04,3329.02,2799
2025-04-17 06:45:00,3329.0,3332.29,3328.24,3328.82,2711
2025-04-17 07:00:00,3328.79,3329.92,3319.99,3321.99,3644
2025-04-17 07:15:00,3321.98,3323.05,3314.18,3316.79,4286
2025-04-17 07:30:00,3316.8,3325.09,3316.52,3323.08,3477
2025-04-17 07:45:00,3323.1,3324.18,3320.25,3323.36,2683
2025-04-17 08:00:00,3323.37,3324.82,3319.68,3322.28,2686
2025-04-17 08:15:00,3322.24,3323.37,3316.7,3316.7,2713
2025-04-17 08:30:00,3316.69,3321.18,3312.68,3318.29,3148
2025-04-17 08:45:00,3318.26,3324.18,3318.12,3324.17,2144
2025-04-17 09:00:00,3324.16,3324.57,3320.57,3322.43,2057
2025-04-17 09:15:00,3322.4,3326.82,3321.51,3323.87,2700
2025-04-17 09:30:00,3323.81,3324.61,3322.05,3322.05,2080
2025-04-17 09:45:00,3321.97,3323.6,3321.21,3321.48,1812
2025-04-17 10:00:00,3321.49,3324.47,3321.02,3324.14,2113
2025-04-17 10:15:00,3324.13,3334.05,3322.39,3325.66,2741
2025-04-17 10:30:00,3325.58,3329.89,3325.02,3328.59,2537
2025-04-17 10:45:00,3328.56,3329.11,3326.02,3327.56,1994
2025-04-17 11:00:00,3327.59,3331.01,3326.9,3329.76,1996
2025-04-17 11:15:00,3329.65,3332.4,3322.93,3326.76,2723
2025-04-17 11:30:00,3326.81,3329.73,3322.38,3323.07,2322
2025-04-17 11:45:00,3323.11,3327.54,3322.33,3327.36,2462
2025-04-17 12:00:00,3327.37,3338.66,3327.27,3336.29,3027
2025-04-17 12:15:00,3336.33,3342.18,3325.21,3325.38,3985
2025-04-17 12:30:00,3325.49,3329.31,3322.76,3324.04,3786
2025-04-17 12:45:00,3324.06,3328.31,3322.1,3328.17,3401
2025-04-17 13:00:00,3328.21,3331.42,3325.02,3326.28,3745
2025-04-17 13:15:00,3326.3,3329.08,3321.55,3322.67,3950
2025-04-17 13:30:00,3322.76,3331.9,3320.07,3329.5,4737
2025-04-17 13:45:00,3329.59,3329.65,3311.89,3314.99,5235
2025-04-17 14:00:00,3314.89,3314.89,3305.08,3312.53,5670
2025-04-17 14:15:00,3312.51,3313.43,3301.56,3303.39,4896
2025-04-17 14:30:00,3303.56,3304.39,3283.79,3294.61,6270
2025-04-17 14:45:00,3294.67,3296.76,3286.03,3291.25,4952
2025-04-17 15:00:00,3291.28,3303.72,3290.59,3303.33,4567
2025-04-17 15:15:00,3303.35,3304.69,3297.01,3297.94,3903
2025-04-17 15:30:00,3297.99,3299.78,3293.4,3297.31,3017
2025-04-17 15:45:00,3297.26,3299.34,3294.72,3296.28,2764
2025-04-17 16:00:00,3296.3,3299.96,3294.91,3299.69,3115
2025-04-17 16:15:00,3299.7,3310.04,3299.69,3309.88,3080
2025-04-17 16:30:00,3309.93,3313.63,3309.67,3310.34,3014
2025-04-17 16:45:00,3310.33,3318.64,3308.58,3316.04,3102
2025-04-17 17:00:00,3316.05,3322.36,3315.63,3319.28,2873
2025-04-17 17:15:00,3319.3,3320.31,3314.7,3315.02,2602
2025-04-17 17:30:00,3315.04,3318.55,3314.21,3318.48,2043
2025-04-17 17:45:00,3318.57,3322.19,3317.85,3318.9,2207
2025-04-17 18:00:00,3318.92,3320.83,3317.63,3319.2,1784
2025-04-17 18:15:00,3319.19,3320.3,3317.88,3319.17,1748
2025-04-17 18:30:00,3319.16,3319.16,3314.95,3316.65,1601
2025-04-17 18:45:00,3316.66,3317.37,3314.29,3316.38,1774
2025-04-17 19:00:00,3316.36,3317.89,3315.4,3315.53,1697
2025-04-17 19:15:00,3315.51,3315.58,3310.95,3312.69,1983
2025-04-17 19:30:00,3312.71,3320.11,3312.12,3320.06,2051
2025-04-17 19:45:00,3320.09,3321.83,3318.94,3320.62,2076
2025-04-17 20:00:00,3320.61,3322.34,3317.88,3321.86,1338
2025-04-17 20:15:00,3321.83,3324.93,3320.49,3324.8,971
2025-04-17 20:30:00,3324.79,3327.35,3323.94,3326.99,946
2025-04-17 20:45:00,3326.95,3328.69,3326.08,3327.46,1331
